x1,x2,x3,x4,x5,x6,x7,x8,x9,x12,x14,x16,x17,L_d1,L_d2,L_d3,L_d4,L_d5,L_d6,L_d7,L_d8,L_d9,L_d10,L_theta1,L_theta2,R_d1,R_d2,R_d3,R_d4,R_d5,R_d6,R_d7,R_d8,R_d9,R_d10,R_theta1,R_theta2
0.3597023684358709,0.6346449335678863,0.147200577433862,0.2668689032999108,0.309437845438851,0.4285872585423278,0.7433717302028887,0.47129030600033067,0.29769829894392325,0.27473562667129486,0.32912167329262104,0.40584489620599296,0.3730655832185235,0.3438781919202929,0.20543282353963394,0.5342422408606615,0.5856102958899758,0.4141914648841441,0.7424652932593804,0.6347460293652174,0.5251098243349918,0.31547286857916534,0.20973244443767497,0.7608322520995207,0.584191233142286,0.18183719447673846,0.6745307597386309,0.5412063443799952,0.6674750812547029,0.4201335739605618,0.6681315154194138,0.6376667282936627,0.44759893079751145,0.33591558468494725,0.20973244443767497,0.5993229060149522,0.49306127413520506
0.40957714821983776,0.46362847238420796,0.16742621630668322,0.35232484845132384,0.4173048107810729,0.27434780445284634,0.7336471531459152,0.45760736344472164,0.9621590856527901,0.6802457397747461,0.2613511926430744,0.18941343633992838,0.4085705595651022,0.28322084355533805,0.11601843249178474,0.4053788065749365,0.5122267902513868,0.48464907469081064,0.3856682782725472,0.433038389583316,0.41904781859662976,0.6306989758204,0.7892633182658122,0.4740109884335313,0.20787469580511572,0.30214720011989143,0.12702184546650172,0.4643894108668026,0.508695066171918,0.4627381601980166,0.4125258309834836,0.43631539541568254,0.3644621724086664,0.5723114099671177,0.7892633182658122,0.6201215402778153,0.30817461311276534
0.7360506323326429,0.5958971780571729,0.20024383789367947,0.9445002891200103,0.2671460874539918,0.7964850219522205,0.334928153762093,0.5161731078240068,0.8859395281654394,0.557906929656848,0.2780344685183693,0.30134961546899036,0.7414187419960041,0.30678442850693627,0.38955056578191555,0.416584525061295,0.6160768210674449,0.46870393407169314,0.4788246662470376,0.6504778130329919,0.41904781859662976,0.4797126818409284,0.9336405516365762,0.728071075907393,0.5596560697809462,0.2571155214111643,0.4308208420219578,0.517861177325983,0.49627587309615356,0.42670636102873466,0.5117294776442609,0.6054806789133775,0.43057361969384933,0.44212370015063096,0.9336405516365762,0.6925537902578818,0.3660076014270628
0.3313426507744572,0.3209015379522534,0.49294859772711797,0.25511220664803796,0.3706862992539384,0.3104970970730521,0.6934859922673787,0.28490825640863365,0.3663987012651853,0.5410461257732254,0.23429773506845694,0.5576863163097991,0.34403991087832625,0.5632202983010471,0.5551708200287961,0.8068777248529365,0.7682316057417568,0.44103195875212975,0.177988159727715,0.4499291142223604,0.7075960605508458,0.6991854002798866,0.6589757666855047,0.5832232810523085,0.8046573744782063,0.5497577423012227,0.6148967614928702,0.7657594455562045,0.7181072710880618,0.47306908908329365,0.14371141337288645,0.4029889864693417,0.680811807350483,0.5166905492674992,0.6589757666855047,0.3391769789662122,0.8331393821742797
0.7560511994520829,0.8985603741415744,0.6814248486170106,0.7178861578343372,0.3885623740298091,0.7231140194262188,0.5593412169728296,0.6546121262737352,0.7265107310350952,0.8713433387068834,0.865983947467165,0.5702463234062367,0.8740373389094781,0.16507466579946,0.7697508022115687,0.8577425482097736,0.4558300646716276,0.5587093548290298,0.40159819174906164,0.2779714526932722,0.4018206879669294,0.49896436565547964,0.8390760282864173,0.8780145705658989,0.11280509164310937,0.16975237462179585,0.723637213792628,0.8496444130007781,0.3880398175578247,0.5936942421543036,0.5020608968273462,0.21706452922305633,0.5165341922661066,0.5166905492674992,0.8390760282864173,0.9486681730618943,0.12630907744382902
0.3702788078759978,0.27420811837060977,0.2974244781276259,0.5509542621151132,0.3423703115842317,0.3046668192638251,0.34050744440160047,0.1343341409490852,0.399746150788363,0.14053718012253996,0.3732024285984443,0.23175434855062996,0.1371670174659585,0.1729925045331439,0.5605143281651741,0.6431443330264142,0.5030646594316435,0.3611998006144634,0.38630835893019083,0.39975610984159765,0.5778924155079603,0.4797126818409284,0.6208820776907722,0.9311259900298868,0.365172545815402,0.1942924413350617,0.4505668663828875,0.5396383913667915,0.4646282941586693,0.43998851382403037,0.4557574579678658,0.45321696602929956,0.5337723262290941,0.33591558468494725,0.6208820776907722,0.8855174848575803,0.5100414964258865
0.3750814432633826,0.6903351443236145,0.7300975233322708,0.19661147341517582,0.4817899943906259,0.22719733891331306,0.2107715658065071,0.4472878823978307,0.48308065717342435,0.30750971826039053,0.5397407489623938,0.5576863163097991,0.2709766862284575,0.587891106888532,0.8379967470137589,0.17170061519506868,0.4784356791570961,0.7328876069495329,0.4317840411670276,0.7751656935146848,0.736166796162373,0.7454661193006816,0.5812372596405805,0.45352118893194504,0.44774941381816247,0.6744791021732772,0.8327424523452986,0.2602859291241602,0.5688419598510791,0.7365533430752187,0.5119135788925665,0.7396962071163804,0.7989451894825345,0.5723114099671177,0.5812372596405805,0.6599569679893741,0.18325171840711896
0.637843816195299,0.4862398174224733,0.7585377434396434,0.5508253484390699,0.238710867923797,0.5974930325038972,0.7977048994072243,0.6154630526585564,0.6349394101568896,0.6289803508807648,0.8088075887849235,0.6432112984561359,0.6012329472325958,0.6834936539133644,0.3390684293838919,0.4417255713313246,0.7865500412520826,0.6863615188478859,0.39098354647868405,0.433038389583316,0.7075960605508458,0.5374199181583778,0.45798344569413685,0.6938841801564312,0.8072544620620422,0.5737666164433222,0.4546179679396756,0.32812261666346015,0.765285574638132,0.6465212291849394,0.5105327441937301,0.370534814648298,0.7635625829664114,0.5723114099671177,0.45798344569413685,0.6557813488942613,0.8656625032574288
0.45679652763261136,0.1337992541744155,0.5237103505918103,0.43312571861258703,0.43497255697867504,0.42112203229219397,0.8665100207445801,0.38179233365271165,0.5604236291283345,0.5354029540725564,0.49141119242691983,0.4940959942165114,0.4113469187220238,0.4143627745665874,0.44311039919804124,0.7927845478103835,0.2517084083143632,0.3033939212435321,0.34412523272157264,0.6024336830509086,0.5951576773702747,0.3323436009697119,0.33966632407197117,0.7433532065999301,0.4686280047635189,0.3148403802058525,0.37887107523522007,0.8441670484460114,0.2914930712853308,0.294314680233526,0.4332922972701975,0.5555224120960037,0.44759893079751145,0.33591558468494725,0.33966632407197117,0.7895639410272677,0.33738052631441817
0.5767822525017297,0.5162281112891501,0.4878746087398831,0.2057372966703471,0.27194821099292105,0.7308940867648283,0.25942841025369817,0.5135907547225252,0.8277729662980937,0.8042961164353198,0.5367325539628952,0.7502822973243266,0.8277624446429602,0.7028491864154917,0.8615166816710123,0.8268827808230813,0.4487670960825808,0.8599560160921234,0.699857638788933,0.7238581312478437,0.8411688236110214,0.5182191206481979,0.8154665938268855,0.7413017165702358,0.16845066155108165,0.6979835302074191,0.825209217444882,0.6365672791399138,0.5023343914677775,0.881864664739726,0.6889390773622956,0.7263022355227136,0.8302102437419416,0.5166905492674992,0.8154665938268855,0.7041618743162386,0.13328941034806713
0.5563357690397567,0.5999850814360768,0.7730990805769815,0.2751032379310161,0.25939994805208755,0.49076033119295387,0.5538043019122113,0.4372364269409471,0.328030214848852,0.3630789229831967,0.39901517202366665,0.7100862311042739,0.3865827884456601,0.5509037938593019,0.560118977870446,0.16556391705561116,0.17167307926775915,0.5256041337676863,0.11310758065529769,0.4296775565515385,0.2898128602954195,0.3323436009697119,0.20973244443767497,0.6833975063949824,0.5061347169664,0.620509111177206,0.4328267754377208,0.24831602599303013,0.1831401631536795,0.49193929471394804,0.15663416330585378,0.43631539541568254,0.26115197088513753,0.37007802466090584,0.20973244443767497,0.8463543413709456,0.2377336575199906
0.3460399222973111,0.2551068685479954,0.261681142819602,0.6302550351548277,0.3102854091305663,0.5163773437784236,0.686235806127077,0.32660426327270303,0.6669985693524288,0.8281118473680538,0.5517424522464036,0.3122115163842305,0.4253102004885343,0.4765134515513805,0.7077226349498443,0.7684167780035949,0.7682316057417568,0.6883388817673733,0.5338361571749186,0.5011417997581175,0.3199741321529448,0.5182191206481979,0.6589757666855047,0.7312638011488032,0.6121180476545289,0.5029915171469918,0.44712855436236365,0.7296206977492916,0.7100258249516085,0.6280829040657557,0.5043633504726283,0.5044159113437559,0.34860351927147964,0.5166905492674992,0.6589757666855047,0.7859752362605273,0.6324286926683086
0.492983498638251,0.5289066366890437,0.4630031429990278,0.5301228818087583,0.2671460874539918,0.6034039472433729,0.27186790476464195,0.7410454349971735,0.5254047623028381,0.8524502348845044,0.5843977188329385,0.3122115163842305,0.48214313143649656,0.5601840395375429,0.28737619652463064,0.596229539847778,0.21298488080577266,0.3738632243982565,0.3405637677777292,0.6956491862498051,0.2614017704793462,0.3323436009697119,0.36610248174403276,0.2821099872637546,0.6105811299878061,0.655069747355189,0.2909310431953637,0.5703320598297417,0.27792288683654354,0.615537338249561,0.31755179843557935,0.6982640377918363,0.2886969755399386,0.33591558468494725,0.36610248174403276,0.2894730243762962,0.5722386816496152
0.1832734660164329,0.0892634378236965,0.07015336325045843,0.6468488032486746,0.39626737896231373,0.22197241966022566,0.8084338465858908,0.16216463283709606,0.3929907630253007,0.33725439222423487,0.2708048170683318,0.14047163511226207,0.19196337849829856,0.3272512816032761,0.33333838782766156,0.30270422963798094,0.2286066473598529,0.09710684961044772,0.23454933712516884,0.2779714526932722,0.2753802191901054,0.13547725206667907,0.33966632407197117,0.16578496025962555,0.6294487862719893,0.19114284207250648,0.21298725432632012,0.2306334172639034,0.3115631465052433,0.1506970778167957,0.257423363332146,0.2807764203551474,0.16895309895238236,0.24405939035092294,0.33966632407197117,0.23454521487172875,0.681779043908235
0.4417878962037015,0.3262422720715803,0.3126619500098867,0.3073437302208288,0.24882622971624163,0.6615509977522274,0.6234043609661022,0.7281441790935601,0.3663987012651853,0.6499154399565847,0.46423841281779166,0.4813346752785493,0.5508255107878732,0.39301936289477274,0.6016994667284153,0.8011694896280871,0.7716226571507443,0.5011098093765075,0.5141108728571941,0.4499291142223604,0.62895377973034,0.5182191206481979,0.878920594414278,0.4707846254330292,0.7725189826923369,0.3503577477382386,0.3290168225212704,0.771373826730726,0.6143779347998078,0.40707478664095675,0.5739077182101731,0.45321696602929956,0.567967685612032,0.5905214811708671,0.878920594414278,0.2556471097626412,0.8316508460795123
0.6520806757302265,0.828378046547154,0.8343610857201774,0.49212323683121334,0.8800255445838466,0.5909979167084207,0.5486036923618381,0.698090822113424,0.691593794142173,0.7741194204230667,0.8302674557581706,0.8880143670759938,0.5846128632038938,0.44994314534869684,0.8522705036365633,0.4378824824170642,0.19252276527118403,0.18210362930938812,0.6533159046287533,0.48402021959094643,0.3681208104047759,0.6125788416001103,0.7290112607283957,0.11919019456496993,0.4266121664750035,0.2673213801411133,0.8497614460728652,0.5821895494565981,0.14585985445817234,0.24857868721814075,0.5542525802598272,0.487306652719718,0.31789724923322676,0.7387775120152575,0.7290112607283957,0.3636033729508678,0.2620148233122361
0.8226525491889268,0.4365051544666077,0.5442110900328464,0.5761954045892475,0.6803052035859829,0.7096780065032282,0.5336844443572463,0.693939563561178,0.35339075747844184,0.7364054997849928,0.46122933089486357,0.6994592103075796,0.4281179696837644,0.42480296485242114,0.886937277974941,0.38291424770264093,0.5769857039977394,0.669820535350277,0.10709825787513783,0.4163018667112993,0.4895318892922662,0.833956974963239,0.6951213415070223,0.29669881784303914,0.6520357357346516,0.4656234269122701,0.8450037836019483,0.3910744661620087,0.6608987801117591,0.6272170211480822,0.14425629997216802,0.4195604798610703,0.44759893079751145,0.8268492506246728,0.6951213415070223,0.4959288667611921,0.7913878486573598
0.2850795009291168,0.3037988566441828,0.6872641227857624,0.2780222159697955,0.7721370395512189,0.41430371625742546,0.6678522633220686,0.34098425365412516,0.5811720036327107,0.5801755962446771,0.6389526992662201,0.7204876454163606,0.5394418571350854,0.5347277286419055,0.6320291072687493,0.6456809419321914,0.48596126520448335,0.5066786483417688,0.5762119665421122,0.8193197469249323,0.736166796162373,0.6991854002798866,0.6208820776907722,0.13778372596102806,0.5883851503784503,0.5657964847998436,0.4428882338444116,0.6418310097247908,0.5142458067000387,0.5836468465889483,0.6114190440291207,0.8210575599990929,0.7376989079962074,0.7387775120152575,0.6208820776907722,0.4880509602250808,0.29776858130672357
0.7982605402080802,0.43506427203265224,0.4252823444408674,0.3034751079217915,0.41271578504372997,0.8604484491782096,0.5870069157135236,0.7036124832287808,0.6016371767517079,0.42811210585966053,0.6770553036816666,0.43069612026429704,0.8227977206378483,0.7181871822001743,0.2744120105435139,0.37580612694535803,0.7241143080411399,0.6731322577017887,0.2833771339554949,0.5353368439452898,0.30468386221078064,0.25296501506168456,0.6589757666855047,0.5741480102924487,0.37606753953900773,0.768247471640243,0.2855636623918872,0.3451457452235723,0.7224203843695941,0.6447128219115574,0.42435921210651995,0.5385634889755859,0.44759893079751145,0.33591558468494725,0.6589757666855047,0.7457445344536138,0.3392872301637777
0.5646226423299833,0.3760186473469721,0.8719137604095929,0.4146774405419085,0.2526637914885399,0.6444828979216337,0.4630851608133182,0.6105219939429808,0.3862760711001609,0.5522995257621423,0.43727631253547317,0.7950294564992408,0.4169164378285821,0.21950108536425714,0.5046458887750483,0.19677607344118503,0.2605546400080725,0.43096949737920376,0.3005207043968781,0.23865446231637885,0.2614017704793462,0.3323436009697119,0.6208820776907722,0.743768962449175,0.4909817211824713,0.32781631056676924,0.6788236704369532,0.40433440743277016,0.34284390595619596,0.4262834507005014,0.4062904222668234,0.2412280005472613,0.22315174919278574,0.27271642639142507,0.6208820776907722,0.7152769211233062,0.33211129991929994
0.08854937866001603,0.5399733751828453,0.33896972779302575,0.37633204957452976,0.5535270994770989,0.12145887459170109,0.2163176628715833,0.538815217409321,0.3796043599572704,0.30750971826039053,0.707963777001485,0.5576863163097991,0.4678329125364471,0.46305615679288203,0.43146209577333117,0.3375027386604125,0.5348801508841241,0.3000269911883052,0.17175361044016565,0.5182607025948895,0.5251098243349918,0.5182191206481979,0.6208820776907722,0.34524251816911483,0.31361209842771026,0.4755576989559917,0.35738580466974385,0.34481653883901375,0.480230814372458,0.3243769215134212,0.16281413089968497,0.5215148341664694,0.3806207177758879,0.44212370015063096,0.6208820776907722,0.4475071029093435,0.5964617313257649
0.45577040091216814,0.5556783416371296,0.567230946707839,0.6640265365790591,0.40902593454895103,0.3736755318649299,0.7850416572143404,0.40884278324256007,0.4271269107268494,0.6752869221096697,0.41067979768390184,0.6548457829163014,0.5022214734264179,0.373312573361764,0.7721594537656146,0.6693555898014013,0.5381212737155997,0.5968479311573376,0.6616566667480069,0.16251578193246066,0.4364746063775552,0.5754353706682611,0.2384675437836586,0.4164811234019298,0.21015335537041963,0.4761697520393013,0.6888981070141359,0.5958253033652569,0.6353921154737315,0.6131965603200067,0.7288070560909798,0.16450304421949635,0.49925661973712876,0.6932001945623552,0.2384675437836586,0.4877527232385585,0.15991722516184215
0.5571183223351011,0.5435508053568013,0.3317867557969545,0.3050192605298125,0.5147806067726016,0.45062328120115414,0.44635953019558916,0.25136961665394675,0.691593794142173,0.223880410282993,0.5487471173621364,0.8032278207649625,0.4365684002094263,0.19630922901603753,0.6475600527845512,0.2581029587087451,0.321925921955737,0.15434029336485044,0.25376591054334663,0.4163018667112993,0.5073301372161242,0.7305715731474871,0.45798344569413685,0.3916497752794764,0.6549904369794162,0.24004660902844716,0.6552249382437142,0.36448558052868796,0.3629473314529002,0.17245225433250488,0.2565791856632307,0.4195604798610703,0.617976282488185,0.7797354271148591,0.45798344569413685,0.3181703826111278,0.6031149059043475
0.817156193462315,0.8169016396344415,0.692215261717668,0.27344381467685613,0.7509433073334839,0.6346893078412154,0.1193015738354867,0.8308279570599352,0.5742839680320957,0.7451252830310984,0.5666586699749789,0.8111761506683677,0.6469651701293441,0.7870502108931288,0.9449531979957739,0.7238024992627078,0.8010784000249083,0.8606544267401717,0.8040572445893075,0.8193197469249323,0.8105129893757632,0.7305715731474871,0.13909141374343814,0.20384400050856877,0.7537606177174234,0.8380554468518905,0.9523136522416182,0.7571152765511875,0.782179557239771,0.8675019765784557,0.7887766715719894,0.8210575599990929,0.7635625829664114,0.7240799533837837,0.13909141374343814,0.1201488013047541,0.5551369911171371
0.43520243944631204,0.7537321761749068,0.838415442056931,0.6825900736192438,0.41552666793848453,0.47110816424326546,0.8270898797967353,0.702367717360777,0.4133695749937511,0.6550638020933209,0.7178718131552626,0.7502822973243266,0.5734223599734352,0.2771801984149668,0.4122864532174989,0.5540848241684616,0.8321270093617376,0.7751144881472037,0.7666721958936175,0.9313666963670558,0.5951576773702747,0.6827352399058122,0.7892633182658122,0.6524140535394346,0.6121889287461351,0.3257917933294954,0.24711392658711342,0.7484398891449933,0.826807421525572,0.7019215387356186,0.6738246655905059,0.9320556487378892,0.5337723262290941,0.6261625316897755,0.7892633182658122,0.6361162983338725,0.4486158671230381
0.2837886942928992,0.26032603365596696,0.1494072436727779,0.3944722637768635,0.4378970597058232,0.24809698935884902,0.46983997299194835,0.14616650449382418,0.20779352951006866,0.4170320426415973,0.21328500148040194,0.20559776879761096,0.24464028317956385,0.3766158832814942,0.6239690684456459,0.3639620503816951,0.3524977359406343,0.3958716056726499,0.6101795175192605,0.569202870032552,0.3199741321529448,0.17578516069580905,0.6589757666855047,0.3348484793447762,0.6598036556005936,0.4349588619951576,0.47842020685465364,0.5876131130502746,0.43306467269656224,0.40629999186008464,0.4774848818760823,0.5723529710867654,0.31789724923322676,0.18172269498827243,0.6589757666855047,0.31810016373689026,0.6219128753815086
0.2849671168277302,0.285867002418301,0.5165214361484042,0.2196948029528768,0.6340630585982712,0.6794741107519952,0.8431308180557191,0.43439749327568095,0.6016371767517079,0.789604358699565,0.9487738387670346,0.5068650106656487,0.609458853313572,0.49837235497696025,0.39452279898539633,0.2006214871159183,0.5767868634246491,0.5693075937352978,0.7466478871507694,0.4499291142223604,0.6615330644680877,0.6658154635121977,0.6208820776907722,0.7325357714580772,0.664800362514828,0.5573381681091013,0.3525188466063826,0.30790587981590645,0.41756641549395185,0.5214420868344029,0.6022781644689532,0.45321696602929956,0.6956438930931732,0.6084866139621125,0.6208820776907722,0.7095236500510443,0.8217693831236718
0.15266949366255542,0.3052230628027568,0.5084111227896414,0.39223420463509096,0.30379879839915674,0.5593020771834561,0.7513104915903663,0.46422628802705734,0.2802972852857391,0.5410461257732254,0.45822307172482,0.4559014332281839,0.4678329125364471,0.5227288106154193,0.6816978257589804,0.5238368935722807,0.41401351350493637,0.47606656072449766,0.4693015819367776,0.39975610984159765,0.1668240434161401,0.2249649869331884,0.41729130363970085,0.7015565329603896,0.42530729763817915,0.5538542709194553,0.6524492727549818,0.4922528692447427,0.414230354137649,0.47725772477242956,0.5143065828443408,0.4029889864693417,0.09242243922370912,0.21751303335103964,0.41729130363970085,0.6247381908007906,0.6552223669497665
0.37031095614262066,0.20024843304303294,0.2342953490781903,0.6816862538234438,0.2971982466369851,0.4417482193293588,0.4919645637268965,0.4065466807778205,0.44099791071958905,0.5634996081629576,0.2684213651599686,0.15326485244843824,0.2918587288455561,0.42853816198338773,0.10061949401459908,0.3119153243292652,0.5236163914592421,0.3839490221079777,0.1708772336792116,0.192460195902824,0.3199741321529448,0.3673733786015791,0.4992439605577626,0.6681551861749822,0.919888171707288,0.30448067276406277,0.34214052660622624,0.3294086116493786,0.45409617671234803,0.4812645681758457,0.2131788860225285,0.19470040053441431,0.26115197088513753,0.33591558468494725,0.4992439605577626,0.8272365091669192,0.9040431070330538
0.27085896813388255,0.13828154422602654,0.23635578814603483,0.7663389140981841,0.2575300963803062,0.14617330809668605,0.2586755633393229,0.23461982571719817,0.12661653542908985,0.12992093339199087,0.16190284811870945,0.23175434855062996,0.17313678510189376,0.10586991082987009,0.3995169618987834,0.34394527675721215,0.20523884914141025,0.07228677430044197,0.38585111822330714,0.23865446231637885,0.5428260768376081,0.5565103668859573,0.5812372596405805,0.2880872707122929,0.4461443518513948,0.2566470825496975,0.36968083279824343,0.3097717464016336,0.24623867775561123,0.051465367003194075,0.2666122232863017,0.2412280005472613,0.44759893079751145,0.5166905492674992,0.5812372596405805,0.2836371222715565,0.3712519830807324
0.45703601029369695,0.5524739576831311,0.4837464137755286,0.44235896559768273,0.5495304006974931,0.343367441599552,0.8281195480731827,0.4325442921647389,0.6283701945713833,0.5127538937513306,0.8869104868888147,0.5950818455653027,0.6067235417628718,0.7410016936568495,0.5340804566142385,0.328672809123665,0.5498413824439801,0.5204091798782854,0.29303255560028385,0.433038389583316,0.3199741321529448,0.2678007360320967,0.4992439605577626,0.36159743406744,0.4870714386788903,0.6192080961251165,0.3611498026779539,0.34404896978583865,0.5029402349578478,0.4637822472315553,0.5077706135998244,0.43631539541568254,0.34860351927147964,0.35280874522712047,0.4992439605577626,0.3003085581149521,0.45009011824343176
0.6077341997310844,0.5428356666995875,0.4648526597838536,0.7146033557104893,0.4903959044038631,0.45423131054161586,0.3352602338564745,0.40307388564031027,0.6543399328172549,0.6021225170474073,0.7576228484593233,0.4559014332281839,0.5337338063530163,0.9062440615861705,0.9512620678486916,0.38935474977467255,0.6300419555053468,0.5956237870902431,0.23035036976263926,0.9116413666208701,0.8314234545291969,0.8542134429021812,0.7290112607283957,0.4512291769505232,0.8372274362419666,0.9094050062603627,0.9251405176168589,0.5246474873216321,0.729730357535983,0.6238033374512334,0.2472077787577979,0.9125287874712916,0.7635625829664114,0.8268492506246728,0.7290112607283957,0.5110195433956267,0.8530683745254828
0.5762100163708651,0.9078513999062104,0.5587507094847513,0.5845703415354798,0.9194612291555778,0.48515156886999505,0.4227714002449474,0.28392529621364104,0.901971952271091,0.8344798294497644,0.7576228484593233,0.43069612026429704,0.7457952316316925,0.639621661382241,0.3051039914105064,0.6080423285391028,0.48240086365524804,0.4576864828298129,0.6526164842185813,0.6658886742468065,0.3681208104047759,0.2678007360320967,0.26979552678206414,0.3518614253875816,0.583514219770638,0.6542375623436615,0.5019120609523205,0.6388112495025953,0.37982401452513465,0.40683633881907966,0.4856706578928272,0.6686638747299251,0.2886969755399386,0.10172326378752303,0.26979552678206414,0.20035733288787447,0.7698763157628561
0.2807163381986821,0.1542092644011008,0.33511880045049963,0.27189378727665925,0.519272303284895,0.43770152047215655,0.2858901699768979,0.35647620789238854,0.5183596559221405,0.5634996081629576,0.5125889884799059,0.25043872403525813,0.38386457753615516,0.27753332418662935,0.6479262127010673,0.8182925828716165,0.8677736505390794,0.32360852368867093,0.6798027609956835,0.2513241700195095,0.9034849260757466,0.7598079765893431,0.45798344569413685,0.42575634898340126,0.7181623311132915,0.3431319344881768,0.7933439063883019,0.8378694613006397,0.5304691183427264,0.5039798231964631,0.6448762026703729,0.2539774424130703,0.901084025958796,0.7797354271148591,0.45798344569413685,0.4801739353287793,0.14118911430598702
0.8597479495249943,0.828882798791673,0.9000049195879066,0.6430306849717166,0.6687940626884726,0.8370847986384863,0.5905016444369968,0.8189165450084829,0.9386334039144908,0.9106494163347209,0.7370628814702627,0.8929941214823832,0.9413103119750477,0.8107119709582786,0.49341312357727257,0.5890626227071208,0.6584107075748783,0.7614527522664543,0.5872889092401177,0.6658886742468065,0.4018206879669294,0.2249649869331884,0.7290112607283957,0.6771771078259791,0.2680682036845737,0.8595202500578515,0.2515514775505139,0.6497178575387674,0.5644779840664674,0.7680488610538282,0.7469710729876506,0.6686638747299251,0.2747100479049521,0.23051866620880718,0.7290112607283957,0.7484013648334262,0.20745533126299995
0.6521745067511384,0.6938971425182903,0.5133665858764657,0.25136789307371876,0.2980267538719399,0.6125644129520393,0.4903569563998503,0.43209980262181674,0.8770962284696658,0.6900413501097138,0.6361558237868584,0.4813346752785493,0.7392121841541022,0.26729094413835947,0.895940139690293,0.2453106265968991,0.15349937688192494,0.2992647634695415,0.2660089975535012,0.6347460293652174,0.2898128602954195,0.3496556936934545,0.7290112607283957,0.30052906917404815,0.5898545408293279,0.3206921437678665,0.8965536814177825,0.29583077105290057,0.11180860091011856,0.26057642522686103,0.25629819631165457,0.6376667282936627,0.16895309895238236,0.23051866620880718,0.7290112607283957,0.4302008566835858,0.4378801923566004
0.5637751552570982,0.5803535323573167,0.5087061467361707,0.44931050346810353,0.3876211583851058,0.6816404557477587,0.7887119045189688,0.5004256017110763,0.4479695126552025,0.5801755962446771,0.44324164195087934,0.5196250771059622,0.5022214734264179,0.6183838135054565,0.7222722027127036,0.2810792333600264,0.328989843454053,0.39321087331635657,0.17585322073000614,0.4499291142223604,0.7221072461293291,0.7305715731474871,0.30359836699167553,0.5221874923610794,0.5930136775867844,0.6438974828455589,0.7379498362133532,0.29583077105290057,0.3567137032237595,0.42338642895702827,0.4496419208965069,0.45321696602929956,0.617976282488185,0.6932001945623552,0.30359836699167553,0.24033270980450888,0.6799226044667985
0.6513609128050524,0.8226496195010813,0.7316300081384675,0.7122597590666775,0.2675043716142235,0.4259611771014788,0.6716520295654493,0.3355787582743586,0.46197154602644575,0.5297507029749863,0.8588036423306838,0.6194399479582331,0.46497645266523924,0.5253654533505913,0.1529898590085315,0.7526593705611748,0.8240687934449996,0.4468299607923513,0.6570638941084949,0.6809533252357962,0.3681208104047759,0.3496556936934545,0.5812372596405805,0.3366490190576847,0.767693883109139,0.6171808946604757,0.09460428995712485,0.785278743689815,0.8073853684430777,0.3952672265396913,0.723606365892863,0.6836499287448915,0.3644621724086664,0.33591558468494725,0.5812372596405805,0.26666601271622786,0.6901776692233802
0.5660117018122811,0.40021897608967616,0.6014208897259478,0.3605718459977768,0.24356443486123888,0.4376745696634017,0.6828988671880525,0.5411209094471677,0.5183596559221405,0.5690761835421271,0.8069289146777311,0.46859766127039687,0.5108280609944723,0.3422898774492525,0.5016371023517878,0.604318580892118,0.4654434742170581,0.5169635090809,0.6182245488384684,0.6809533252357962,0.5951576773702747,0.6658154635121977,0.26979552678206414,0.4569116933801016,0.39961207837786866,0.4648602794921762,0.43583978910343396,0.5654462487140974,0.5149520411502964,0.46667046595285944,0.26596441058041964,0.6836499287448915,0.567967685612032,0.5905214811708671,0.26979552678206414,0.44036048923744725,0.32690109663061656
0.7005449229912543,0.7827625282323326,0.5139858540286214,0.3288111066367024,0.9335767211731407,0.6493602268017306,0.19599571824134596,0.2954302908694652,0.3929907630253007,0.4170320426415973,0.39901517202366665,0.6073276499649102,0.3414543236827211,0.3294530656115126,0.250505564207485,0.460661783712554,0.6890154921400656,0.18680227420421885,0.24574181956759056,0.23865446231637885,0.3681208104047759,0.42254177975480856,0.26979552678206414,0.3582938207215463,0.17546747521304604,0.2736157383043141,0.3603956202731686,0.20619813348970753,0.5728988061116606,0.23155109265028354,0.1745369337830432,0.2412280005472613,0.31789724923322676,0.4237540903634756,0.26979552678206414,0.3009551170581029,0.5441475297339219
0.698806681371756,0.06891538565024427,0.30821461308779946,0.2905304539651092,0.8727953541381845,0.4432339787542037,0.21534846819055173,0.6766753694006733,0.5394619024082411,0.6802457397747461,0.5216557940170565,0.14675285183887748,0.547984111905658,0.19473884542832393,0.43303738471574116,0.2675588183332825,0.514261920792185,0.4533624655674031,0.15060125580290648,0.11398410010716392,0.8970953211461171,0.4605210615158237,0.33966632407197117,0.1726661228915631,0.40889277023657156,0.2886144065700789,0.49496285425178493,0.35921520598055395,0.5238243983800558,0.493112287945778,0.16687145123126992,0.11549631431479732,0.90707750875996,0.5166905492674992,0.33966632407197117,0.18717873365270712,0.30704257822386294
0.7670406915304695,0.38742261289897467,0.5826632474129552,0.5250581346258795,0.5269538548943372,0.9318488055031957,0.15995897346491664,0.7449361586237995,0.8237103218447371,0.8344798294497644,0.6105882190573863,0.41821861397916527,0.7501226133781961,0.2598815707492556,0.3246593140528446,0.790960117510007,0.8195959669495679,0.8011663426663823,0.31216159424459133,0.3210344518129228,0.03747330078935645,0.07263935892131931,0.41729130363970085,0.7890464540428817,0.17668740348806483,0.23982285219271507,0.36682779661106646,0.7737629605885861,0.5735904750500803,0.6702358889300674,0.5274534521755918,0.324039689262674,0.04853335280911487,0.05085618631990289,0.41729130363970085,0.598224446188923,0.5118221799892586
0.45902104903742175,0.3892481551631994,0.34791289776291456,0.6700441296109112,0.659135310143935,0.7499553391782757,0.2422887064165592,0.8324235376919991,0.5880285402847522,0.5746352942537508,0.4165508785647606,0.2802872656329351,0.5536635965259092,0.4031507944666623,0.41325889943204597,0.6763333973383829,0.5110055129978031,0.3854965900498771,0.7002627044314214,0.7981431683541306,0.62895377973034,0.7305715731474871,0.2384675437836586,0.6588447482831816,0.32989451694027633,0.432999807938249,0.6080988509327389,0.7328655439041072,0.6065020174867937,0.44315567142055995,0.6768940307291156,0.8000540512429279,0.710080259369778,0.6261625316897755,0.2384675437836586,0.5903760681003647,0.2808773885748204
0.4171662885440203,0.5516662293896876,0.4664387315394095,0.521418663175675,0.6422993568631438,0.53575900150421,0.5555288252720454,0.38086656196205876,0.6855391536798524,0.7858074831736667,0.5696283571778904,0.5576863163097991,0.7188124717476707,0.28982370830269566,0.6579263177181321,0.4073209078539786,0.3807675450680305,0.6547666587421888,0.349982936069055,0.2779714526932722,0.8592836543615235,0.833956974963239,0.20973244443767497,0.6757540959427579,0.29445491269873514,0.2791367330569914,0.8073187478713859,0.5048782520703715,0.43634006063048,0.6588941100228426,0.2747574208867612,0.2807764203551474,0.8657224799949884,0.8268492506246728,0.20973244443767497,0.36342549683311737,0.32955170257702066
0.25186151153227104,0.6180314808926486,0.6243809526065719,0.5391972260284392,0.2836294446027631,0.12515193398484695,0.5609647062554739,0.2195769247803189,0.16511843576582041,0.1834783748334674,0.14919022735957982,0.6432112984561359,0.11105070442173282,0.47343796233849006,0.6870705072655664,0.08242053656155922,0.2080433657887197,0.2409599675867131,0.28849746027060963,0.192460195902824,0.17695666014125683,0.17578516069580905,0.2384675437836586,0.22156617929513597,0.8567609512416368,0.3668650356921828,0.4495550929249023,0.12000149215139659,0.12708386429462618,0.2710842575148554,0.2746106228660798,0.19470040053441431,0.2886969755399386,0.5166905492674992,0.2384675437836586,0.17770806823010973,0.7788050794442293
0.9117266209052765,0.6647812735645884,0.7360796271722758,0.45072907879069507,0.5736952888196473,0.8608030911960687,0.3912231491124002,0.942130502602239,0.22699856462439813,0.6550638020933209,0.3591579696140682,0.8263287344904814,0.6337497456569108,0.5588813920969281,0.4974246509787901,0.8788766520773919,0.8874251948847163,0.8431037435708246,0.8684776780060801,0.6187212088914811,0.62895377973034,0.3673733786015791,0.45798344569413685,0.7626255525382458,0.4291670518941926,0.6272748197968672,0.615477399658863,0.7959685766114161,0.9038647354696374,0.8953693156441763,0.6058906932667917,0.621707717432247,0.665604367457499,0.19311648283658941,0.45798344569413685,0.7969326854108115,0.6973182001853442
0.4202198999165286,0.30473434180999404,0.06332139259324177,0.41860333126698573,0.25237605796612955,0.13185875680254827,0.36602014792991605,0.14823161846258362,0.11464467517418767,0.15186949662749688,0.05082912585805801,0.3122115163842305,0.10230472527356686,0.3653787006828866,0.35635439643505407,0.10525045813619048,0.3632612536961465,0.2672862372823326,0.34039049364279517,0.1820364113337866,0.24789013932803589,0.1184201712938098,0.6951213415070223,0.3767054426626839,0.5321046602056363,0.30983337622127166,0.34935300162982086,0.05127038653198855,0.2762239054791234,0.30238049633578606,0.12380868203448657,0.1841919284620097,0.2886969755399386,0.14135829414740272,0.6951213415070223,0.24351616286303987,0.7909585318350286
0.5862100574047998,0.6759889583760794,0.7142802419634413,0.38013067620786073,0.24553579040271398,0.5003408751587664,0.12415684323423051,0.6590007940961853,0.6016371767517079,0.5184247235230686,0.3591579696140682,0.36948984308943794,0.5873973778486807,0.8473829602845505,0.5831026127463147,0.5549549162692654,0.5120232537854348,0.4956012254636113,0.4143641761522893,0.7868801378804855,0.45405968895610727,0.2678007360320967,0.7604323397483274,0.6515270777945701,0.8844415765741707,0.8647694442642054,0.5290636351535526,0.5514368582201411,0.5106129065794562,0.6123174120394463,0.29455610257075127,0.7888793811479756,0.413710897996919,0.33591558468494725,0.7604323397483274,0.3134971673634503,0.8359823064219892
0.5395351686041872,0.609697305205588,0.7057988370882333,0.27448022241783604,0.6882745350464171,0.6596113712092552,0.7225916836618256,0.7096975430203436,0.7375862975144961,0.5966704977081353,0.6744031829555113,0.5450520892043119,0.7211265177019558,0.6168581672775946,0.6322156949920537,0.3808950426662414,0.6298520552158666,0.7805539750729623,0.7842656642920846,0.2644328750631491,0.5428260768376081,0.6991854002798866,0.20973244443767497,0.5260335107153885,0.3025712316954913,0.5805039265939836,0.5347632814072775,0.3365269464715582,0.7015552585400889,0.7799712698339367,0.8302277465448619,0.26716346318487844,0.617976282488185,0.6932001945623552,0.20973244443767497,0.22835206245354778,0.5804961543366293
0.7903776277902292,0.6195498027793188,0.3016099570977598,0.2057372966703471,0.3845139114858383,0.7406646303014837,0.15135222622803898,0.873920421772826,0.691593794142173,0.7319744591456655,0.3536055561101592,0.6432112984561359,0.6701856700695126,0.7636414480642367,0.2184285073114932,0.6020302591077847,0.6498408535812058,0.8352290023381794,0.3745777572019027,0.7751656935146848,0.45405968895610727,0.42254177975480856,0.3776952676970608,0.6046001425225427,0.32243926866473027,0.7548823979482969,0.3754141343820726,0.6706306052808072,0.7257289225057969,0.8253478153161837,0.6500896355660363,0.7772540550723208,0.44759893079751145,0.5166905492674992,0.3776952676970608,0.7002443383249571,0.21158936617720095
0.6005463499314581,0.49495475345308154,0.7993415717722593,0.3498320014508156,0.27461231077429954,0.7978130474416472,0.6618043390986404,0.5954930294992519,0.5811720036327107,0.7319744591456655,0.6901434177678631,0.7689294628581269,0.6417046174980191,0.836764786194013,0.4881994827956177,0.47531835373476755,0.22546160618934283,0.5123668275298908,0.3853940788456086,0.8193197469249323,0.2898128602954195,0.15456046635207502,0.20973244443767497,0.6816438580072461,0.39675639125010714,0.737577418006959,0.44248481762613157,0.6134683137381459,0.2260665097492857,0.3723154865491659,0.3894349361856424,0.8210575599990929,0.34860351927147964,0.19311648283658941,0.20973244443767497,0.8426590526299977,0.5241778444986431
0.7958071795635075,0.7063007488053425,0.6756315084045724,0.5050184618879446,0.8971118035327547,0.7263471426211822,0.7494444214189238,0.5280537342751186,0.7588528799981413,0.618322397934285,0.7620402642108738,0.8188758170544473,0.7628072837590834,0.6069565338324473,0.5903012860865795,0.7738337727798714,0.43741011461585394,0.6776974595477951,0.7367439756486667,0.3361466287588891,0.5428260768376081,0.6991854002798866,0.45798344569413685,0.5104931137555522,0.3346719112926485,0.6173258309637986,0.5671149545493642,0.42887860394126426,0.485677166451518,0.6667875179717506,0.6751188660805449,0.33920927230311015,0.6500448177294879,0.7529592785051564,0.45798344569413685,0.17500451497620756,0.45959194394730823
0.8743867537031733,0.617373579330603,0.6538281035490889,0.3222901218197842,0.24004312321287935,0.7396537421256558,0.10557030274273703,0.8300735453392284,0.8643940052106857,0.8661661334228017,0.6849431347872154,0.4940959942165114,0.8777797152197865,0.4985191736560147,0.6162193753827244,0.7407651112657486,0.4535072733214407,0.6403444997598043,0.7998908128459659,0.4499291142223604,0.3681208104047759,0.5941417541589985,0.8154665938268855,0.3515792524948097,0.149230890649278,0.5990546606207617,0.7195309908514655,0.7255782785190646,0.4886035464011344,0.6695258034006351,0.8114979354360673,0.45321696602929956,0.44759893079751145,0.5905214811708671,0.8154665938268855,0.4866205148589601,0.21184343417355825
0.4212615496149538,0.6231210311924019,0.14471385435235212,0.7746309626266733,0.2408783617979795,0.41832166106552693,0.6491213215130388,0.21931839899336844,0.2918290142618293,0.35784468276273473,0.6077065207978185,0.18941343633992838,0.48500944962948384,0.3462672153232589,0.466982415389456,0.12221324046121051,0.5688134978720688,0.44952477292719073,0.37006950396703314,0.48402021959094643,0.7221072461293291,0.823011230515966,0.18362498602222638,0.32103090573943405,0.47497042343568263,0.4639447200372212,0.6860876727479983,0.18271603182364862,0.6611702878193888,0.4900256599988,0.2467966524298927,0.487306652719718,0.7635625829664114,0.8268492506246728,0.18362498602222638,0.29068124436092685,0.6317542158941628
0.5232289681685895,0.4817772192714668,0.4216223044493027,0.36382177759726003,0.25916573484890987,0.4776610622548035,0.36115562799728146,0.4213928198321138,0.6016371767517079,0.557906929656848,0.45822307172482,0.30134961546899036,0.4507322770230586,0.5423169053965823,0.2582667854359959,0.771624597703048,0.41184123705963854,0.3006375712865235,0.5920498719442774,0.8869351524113605,0.3199741321529448,0.25296501506168456,0.6951213415070223,0.2586270395791427,0.7750035745108148,0.4960899519287081,0.2024933771185795,0.8255018558810913,0.4984972969587281,0.3026932122077611,0.5094279596818942,0.8880639739602649,0.3330732737520039,0.35280874522712047,0.6951213415070223,0.5350944119949618,0.4477914578834204
0.14491790202337035,0.3991586528962702,0.545791775992959,0.855784558915628,0.4763118901503308,0.235472192245829,0.28014398579780414,0.3314690175689849,0.2918290142618293,0.21608887635248863,0.19557730450945762,0.2802872656329351,0.1650744774328009,0.3324438911040688,0.5440486076394263,0.8758995749255871,0.6227022349446941,0.2803809540353816,0.771468617414459,0.5011417997581175,0.5951576773702747,0.4605210615158237,0.33966632407197117,0.12348089369537903,0.7443405527308076,0.5663992463952822,0.3715879418670503,0.8862802634260091,0.6765552417463337,0.3239440163821651,0.5988314768501775,0.5044159113437559,0.5337723262290941,0.5353461060354564,0.33966632407197117,0.12163884037932905,0.6415745861830103
0.3401051883915418,0.19365456979430778,0.746402948424168,0.8286282988460175,0.8788943484776929,0.5268696733407808,0.8484406164385041,0.5752386016218274,0.5324397696489118,0.41152254779284136,0.4702641772421056,0.43069612026429704,0.45357541571363186,0.3164844890442652,0.4357973818525636,0.7999644348064123,0.6259503170057648,0.8834325534841169,0.631787360940188,0.383435971890393,0.8504521497787144,0.833956974963239,0.5812372596405805,0.7825933226686611,0.5585583035369852,0.4625718383601566,0.5145803459517342,0.8158558048793683,0.6225741191993522,0.8825320690906264,0.7407238724703414,0.38663603428210364,0.927908691504798,0.8820992729847074,0.5812372596405805,0.8795624493059789,0.6620852409882391
0.5507138297117705,0.5641291908716319,0.6173789857603427,0.4675485438699133,0.5532256965248006,0.32866156543753133,0.4344513038444149,0.4636632497058343,0.399746150788363,0.43368002411493994,0.8050362303517008,0.5950818455653027,0.38386457753615516,0.6941923794757037,0.7420900515872804,0.2567563379962289,0.23127513899292718,0.5130927784172024,0.41324111321189777,0.7373400155326489,0.47176014199113514,0.6658154635121977,0.5812372596405805,0.3546123900123425,0.5473289811243292,0.76373900405413,0.5836921106156946,0.19521573044030197,0.2979575663853096,0.4100590452076545,0.4160121955111157,0.7396962071163804,0.5337723262290941,0.6084866139621125,0.5812372596405805,0.7117576545632333,0.49544289942437425
0.1283156464761711,0.3833040428411879,0.3955576925081397,0.37437736843831604,0.31605611097851455,0.3803109346819393,0.23598036881909348,0.4875049609809482,0.3096379238985414,0.3172635186729008,0.21328500148040194,0.2802872656329351,0.35710447703848297,0.6701352682171644,0.5486226209329764,0.7739218244179421,0.5148723708169578,0.42379937411014057,0.4224382005777541,0.6658886742468065,0.2898128602954195,0.5754353706682611,0.20973244443767497,0.8069770750487629,0.44275040534015303,0.7064498691685343,0.37522245029970225,0.660579062175896,0.4484951951144529,0.4542142784897708,0.32972789456574536,0.6686638747299251,0.2113966212105415,0.5905214811708671,0.20973244443767497,0.5319877870066693,0.4160849151909786
0.822088635292544,0.6196403752613272,0.6590990276934307,0.22166623246003986,0.678379219768188,0.8215147717428193,0.21641076507679569,0.6788673598544336,0.6543399328172549,0.7933516286880775,0.3563769368845757,0.8405044496840343,0.7648777006748617,0.7490337504270224,0.775250080473804,0.4868743926659724,0.43941577559368566,0.6910336506525576,0.8684336016366977,0.5353368439452898,0.335661305152564,0.31547286857916534,0.26979552678206414,0.7199029384572321,0.31092996943596873,0.7400633956843476,0.7052952494693557,0.6229812139257062,0.424063624956767,0.6489446806676628,0.8327057093052104,0.5385634889755859,0.44759893079751145,0.33591558468494725,0.26979552678206414,0.32530024181082834,0.34984085679669047
0.5224034654700951,0.2187416721762128,0.3503001656856949,0.5242784587234626,0.24627074359508394,0.38574518361516674,0.6846628722232846,0.4608869768676262,0.5183596559221405,0.2400560853073033,0.38746402888559783,0.36948984308943794,0.2918587288455561,0.3696104384832644,0.37797627880792606,0.6088814545535349,0.634303981559734,0.5250607159189861,0.5749867146224531,0.1447180873831265,0.1392049820676262,0.28317671501089997,0.33966632407197117,0.6780567883968099,0.35675978723135043,0.44145297146009793,0.3469409760816,0.5322710958737342,0.6422880762899065,0.5452286460635687,0.5499708303828937,0.1465407262536111,0.16895309895238236,0.4237540903634756,0.33966632407197117,0.8022653104746774,0.2850792468271948
0.23672090568702614,0.24229258188303235,0.28394243621886345,0.2507800342378997,0.5772704202678977,0.09334398925721907,0.21395995292686457,0.15308848815435383,0.13299402740622968,0.1000354012265821,0.0624294737600404,0.34602371159298856,0.10880473703755683,0.14832527942803383,0.35617037966634324,0.5371207730632651,0.04369848564338734,0.05751894928300768,0.30019639358032935,0.2264302875989623,0.2627787921142582,0.6306989758204,0.16010895643599782,0.3437919625576623,0.3036064744908851,0.09403942736557493,0.5372032979411006,0.5176186722613416,0.05533637061256828,0.058925494049572695,0.24176398193107157,0.22892217764000292,0.34860351927147964,0.6932001945623552,0.16010895643599782,0.2760254817901914,0.5951248458413421
0.3618963029356951,0.14241923803957832,0.3154337287302234,0.6756640711568324,0.8462884492754589,0.3284683040872887,0.6377477929120556,0.3298322441978804,0.4760338305257605,0.3423480200278717,0.1570361053578959,0.2700998545143135,0.4085705595651022,0.3587322404366517,0.1439635770614911,0.3817259857486009,0.565914093126352,0.4773350379385251,0.4970420729456651,0.3062882135561257,0.5951576773702747,0.4605210615158237,0.26979552678206414,0.7883327831257652,0.318892185831698,0.37272672249418687,0.10548921951555712,0.41431408394007674,0.6268353804964912,0.4146077608313863,0.40282933133833104,0.3092310293522782,0.617976282488185,0.5166905492674992,0.26979552678206414,0.8160078546933404,0.3875282459968686
0.29797744570548096,0.5690832550092555,0.5376743507072292,0.3022649455440828,0.7095046185464492,0.31902297899587256,0.5688887835920277,0.24821604660107777,0.34696592628385203,0.37897323142590217,0.6849431347872154,0.4559014332281839,0.4253102004885343,0.25706755799818826,0.4194982827485157,0.6812701803964761,0.6289970074143408,0.29597464396230283,0.6756737282504809,0.5859160356746372,0.6772876647548496,0.7305715731474871,0.4992439605577626,0.22927588349431482,0.2598133611291757,0.3392707520087251,0.7228189476060883,0.4945591658463078,0.5078874745872445,0.24267484819570243,0.7237537051289117,0.5890177111700579,0.724103449973234,0.7240799533837837,0.4992439605577626,0.22074688013877328,0.24393595087396908
0.5169660596177275,0.8016349600903405,0.8882841278187315,0.5290844306231258,0.2506542198755022,0.6581346505806475,0.39637283836637127,0.7932186206579717,0.5464684054179663,0.4392647356937772,0.5931888720076334,0.8032278207649625,0.6443392512944449,0.7887187163909646,0.3914603082364665,0.17248922559661742,0.6301368905669493,0.7212609194611922,0.7533034269755721,0.2644328750631491,0.24789013932803589,0.3496556936934545,0.6208820776907722,0.34568669052766804,0.5336745288485725,0.6834381180268387,0.25807141714784204,0.15927259412412748,0.6885439722520369,0.7299834450295468,0.6960777025595223,0.26716346318487844,0.2747100479049521,0.4237540903634756,0.6208820776907722,0.4359179992403322,0.6992840028343444
0.5091473809789822,0.6783411562512721,0.8881434805087988,0.22719844477235554,0.8119598175547185,0.4155797348466044,0.7407441415916206,0.5085937542165935,0.3929907630253007,0.49572753812951165,0.8161825872424067,0.9150635876943798,0.5222926533154736,0.8338563994372606,0.508657042980462,0.236841723358221,0.6805756820943947,0.5392868789268959,0.8324672694098629,0.5182607025948895,0.47176014199113514,0.211815809079583,0.3776952676970608,0.434128408227072,0.5063585909590931,0.709114430357732,0.49005854494340034,0.6061889751989027,0.6688184340008383,0.5604924260713701,0.8488224892282021,0.5215148341664694,0.49925661973712876,0.24405939035092294,0.3776952676970608,0.43091017363267986,0.5618516073996356
0.4967056001407487,0.1701363165791591,0.30190842077928953,0.38604134886396135,0.34781359205391654,0.3888634010436586,0.3194406129254538,0.6457731537838488,0.3729778513531844,0.31236584204360096,0.2903439218953706,0.40584489620599296,0.5706124752355721,0.7474850124765722,0.5480264594306962,0.602271347106959,0.8441678017949071,0.8448256313629329,0.6354595578289358,0.5353368439452898,0.8903340497057414,0.8959761885773615,0.4992439605577626,0.27855524321206815,0.47698405206607386,0.6908235752834092,0.6110175459987268,0.5920775211513836,0.8712597405755705,0.8592888244780935,0.5207457196036585,0.5385634889755859,0.888058274592705,0.9266475310843563,0.4992439605577626,0.36230760748696356,0.7701668216834257
0.6310331007000811,0.46456031227471195,0.43660051244115405,0.3414650056120668,0.30703256353837505,0.446803898310969,0.7924393009714651,0.4240446226576544,0.5673669796145934,0.40057110459404344,0.3675574247951109,0.5702463234062367,0.5790277615561499,0.48061683589608895,0.3762799574097442,0.508758733718917,0.6647031644909654,0.7083793838015436,0.6747430039445846,0.4163018667112993,0.6615330644680877,0.6484579670051237,0.3776952676970608,0.19718128229007043,0.8252486440153004,0.5132642754820188,0.49046717732667827,0.19445391639731027,0.6477444739583571,0.6389780720868209,0.6669050610634223,0.4195604798610703,0.6956438930931732,0.6084866139621125,0.3776952676970608,0.4058528904987469,0.8714627823956287
0.4568991606198577,0.5901936231122217,0.5435961364260861,0.4286536468567853,0.29345487242513596,0.3167672493308124,0.6176227653700544,0.2975237308766433,0.4340494969114674,0.5297507029749863,0.7486219819703542,0.39358960193252973,0.38386457753615516,0.39849639530671715,0.21112188140737012,0.42578439718938293,0.2637058729899284,0.3444492249325242,0.4679565248149228,0.2779714526932722,0.4364746063775552,0.4797126818409284,0.30359836699167553,0.8145855214900162,0.2809209621888353,0.3416125308449702,0.3079061382367707,0.28098342393653114,0.27196467923192813,0.27520344953467046,0.4807028088371376,0.2807764203551474,0.44759893079751145,0.5166905492674992,0.30359836699167553,0.7011735167066601,0.38057435715451
0.6724899011387694,0.6563810216641336,0.4655868658583285,0.5755590886873793,0.8728630359372125,0.5594640162197704,0.19302151638492773,0.7102258787895352,0.7265107310350952,0.5410461257732254,0.5125889884799059,0.6314053830060471,0.5394418571350854,0.3599490460769132,0.7818894724102071,0.4842349180023151,0.3622255535791398,0.6843250569393733,0.8293777065507769,0.9059650883726512,0.5604346599120789,0.6658154635121977,0.6951213415070223,0.4458602338128614,0.609409230808192,0.475098707223441,0.5965452830867448,0.7598729054548052,0.44360498114340635,0.6799870662118617,0.8725392436991409,0.9069087368304304,0.6015273089025361,0.6435079600525642,0.6951213415070223,0.29426906897373784,0.7621140515618575
0.698167889585732,0.5259135191327186,0.7602631788841882,0.5485037511067733,0.8466846283536322,0.6988685630015591,0.7532838891760449,0.11047842241644903,0.328030214848852,0.35264412178334253,0.2613511926430744,0.8405044496840343,0.3236246575181831,0.4278192084726651,0.5488213105089648,0.3823199408212215,0.38702939068478504,0.4069838910856437,0.28228151250740746,0.12857025951513767,0.4895318892922662,0.4797126818409284,0.6951213415070223,0.5034033637485269,0.32123110062828925,0.46379215025348525,0.414066620859426,0.27775715548994506,0.6686394785565702,0.40624041152144325,0.4515571823663963,0.13023401436880433,0.5165341922661066,0.4979883538868034,0.6951213415070223,0.3626816312621467,0.47658153296186156
0.6930006944997985,0.8128731106761076,0.5657815016294783,0.41974506303106096,0.32736502617915203,0.5325982363453656,0.30558855333203844,0.6090675320665773,0.6217531883135716,0.3951316796820002,0.4883865363264249,0.39358960193252973,0.5957167758580255,0.4693404834332098,0.15794089812066428,0.337390239903806,0.5679141776871184,0.34526983232276814,0.3539429050391157,0.5011417997581175,0.5073301372161242,0.40386197063645923,0.9099583651336947,0.557433115204786,0.4141223012371119,0.4301403553733431,0.10236774815748144,0.2096370364847338,0.4758971993539643,0.3337012631341852,0.4445420006822687,0.5044159113437559,0.2886969755399386,0.170858790242404,0.9099583651336947,0.692316815443289,0.3521338028683643
0.5493489259442611,0.39727086019678426,0.3582934000986829,0.91536404323619,0.5989056089158014,0.4292578277809246,0.5649212517109854,0.871040696549264,0.4340494969114674,0.37897323142590217,0.19557730450945762,0.15326485244843824,0.5593291062236865,0.12992020878480728,0.7123480915494002,0.7601685402573027,0.12268136528884635,0.7529957445784805,0.8276234697639706,0.383435971890393,0.6615330644680877,0.5941417541589985,0.8601827479938245,0.7668487283372344,0.10396086685539518,0.1652189612865565,0.8183852420588877,0.6999400868736931,0.09014091319602206,0.7887025200336448,0.7463438796770759,0.38663603428210364,0.617976282488185,0.5166905492674992,0.8601827479938245,0.4544798425533548,0.08837841976229797
0.5284883760607103,0.37318283713687994,0.3829859794744833,0.21684981421433022,0.8661887197566612,0.68748089098921,0.6674867415587962,0.562747200522882,0.6479262457126832,0.5522995257621423,0.5095645824683945,0.4813346752785493,0.7809877254807086,0.5345816138363791,0.5537833297666869,0.21367526933335246,0.5778801770747993,0.5133347499232533,0.7585001070828772,0.36737432024135397,0.14795796470634184,0.42254177975480856,0.10398265656945076,0.6091833901527008,0.4769344001834286,0.4717341030221565,0.6059535391198345,0.226693493143579,0.633893646234339,0.5219351597873868,0.8455314939830701,0.370534814648298,0.3030984446070242,0.4237540903634756,0.10398265656945076,0.4805122858686775,0.5609952861151243
0.5359709772701282,0.5598489251584678,0.5765367949742599,0.5474712458559285,0.3271636585748261,0.44959335187329724,0.6019452346569566,0.33976434474605754,0.3096379238985414,0.327180525217415,0.47629862243565896,0.7405904242333149,0.34403991087832625,0.24874586778544733,0.23143487437386964,0.5879659527931845,0.3295295676147093,0.49499592749570304,0.5273018100914854,0.36737432024135397,0.14795796470634184,0.3323436009697119,0.8601827479938245,0.7215121999565296,0.6729112820558049,0.29316997356447383,0.3221949245008152,0.691924956225734,0.3549546475104922,0.4604668769560697,0.5034423857531223,0.370534814648298,0.34860351927147964,0.40559281975478967,0.8601827479938245,0.794211589772433,0.6318519096705922
0.3175942128711195,0.4920251612952876,0.48188941577668454,0.819334823565894,0.40983683826417566,0.3090688535247992,0.42600987779434346,0.14696885886896865,0.34696592628385203,0.3951316796820002,0.6220361948001215,0.03763037108894091,0.19918562314379337,0.7129278843824678,0.7152984389268329,0.2689415942988218,0.12524679339790554,0.29045483668486766,0.26759394206185794,0.2513241700195095,0.8105129893757632,0.6991854002798866,0.7290112607283957,0.24679507747576832,0.8164829738324186,0.711134967395746,0.7105357207974639,0.16709640486775323,0.12301843941104412,0.31449720295645517,0.26231248303796534,0.2539774424130703,0.7635625829664114,0.6932001945623552,0.7290112607283957,0.3421078808195061,0.7080541027845602
0.8192275676357491,0.8030518471394482,0.8222099012443091,0.48964906561380767,0.38242361699290994,0.6063351678248566,0.3953785254603375,0.5274706899168186,0.3036350148273324,0.30269585643808844,0.5367325539628952,0.6994592103075796,0.4422228669562244,0.32441317861439345,0.5300851104180522,0.17421977703525626,0.2106727693934253,0.22737138916593677,0.4835442461840515,0.1447180873831265,0.4364746063775552,0.2386832529422096,0.5812372596405805,0.3862855462984871,0.41014710949486666,0.15587826410887357,0.4200295791036233,0.12905111013399653,0.2485700389155755,0.2562689790288701,0.4204941715306447,0.1465407262536111,0.44759893079751145,0.24405939035092294,0.5812372596405805,0.6722355702323937,0.4418767490893239
0.7462331046732169,0.5091717301800811,0.5590417252245423,0.37865846927003555,0.614472340837447,0.6369459891528326,0.569677400719012,0.533635568014671,0.4340494969114674,0.35784468276273473,0.5666586699749789,0.4559014332281839,0.5818229349422095,0.44341148106627043,0.4292983419298442,0.4545422503214041,0.3911926051382126,0.5199861252702246,0.5643940302594433,0.2644328750631491,0.8756379214885884,0.8807121537693151,0.6589757666855047,0.7386029408659442,0.22751719436960663,0.36387776902624447,0.4757686711742866,0.49043233679010784,0.30699013284810134,0.4571550011455841,0.5165149300187865,0.26716346318487844,0.8657224799949884,0.7666143433553367,0.6589757666855047,0.5181751973292851,0.24290633172321202
0.08033710867634608,0.1321599728058002,0.2597926181058202,0.9045760175455434,0.27461231077429954,0.08249441824363529,0.5802207186615196,0.11937095771019657,0.15013191936569717,0.1801011678292828,0.2804705551708994,0.16001162612761616,0.15280513101645762,0.6132429790715705,0.2731357721052872,0.23829997813628645,0.22831946328530767,0.3393822908756845,0.5121831036190215,0.569202870032552,0.30468386221078064,0.15456046635207502,0.41729130363970085,0.40412934106136905,0.5816235727107686,0.6811774500601236,0.2433308949293868,0.20201718261447918,0.04721777266195611,0.18424856003875956,0.2705201265195283,0.5723529710867654,0.2886969755399386,0.19311648283658941,0.41729130363970085,0.6587255015708429,0.7463322294230708
0.517585737941473,0.5036247245476297,0.7558684164694123,0.9006373068771857,0.38242361699290994,0.8099296757015193,0.362967480101328,0.6098578523760045,0.5042503240197566,0.7137854660086617,0.5725930432258337,0.7689294628581269,0.7046858860905769,0.8203405704119017,0.6642183831224515,0.7635462989146484,0.8194152226572776,0.7246074471777255,0.9322016412798998,0.383435971890393,0.62895377973034,0.7994372623423831,0.30359836699167553,0.7024359299027139,0.898738292528161,0.8456501740606029,0.6024342361888216,0.7984806900234193,0.8511582063526244,0.7257269054307506,0.9231396501081004,0.38663603428210364,0.680811807350483,0.7797354271148591,0.30359836699167553,0.44300466346481776,0.74011113353861
0.4935348819714069,0.5491938562451699,0.6474420998111476,0.5327178494743157,0.7261738881389368,0.6650481640931355,0.4326404250773743,0.6776487213124134,0.48308065717342435,0.5014038393796404,0.39322467287913704,0.5323595926404695,0.6443392512944449,0.9524578250825615,0.19972994812525804,0.39379023373533645,0.9145575975848868,0.741611450375063,0.5469634787808547,0.7373400155326489,0.3681208104047759,0.888572560967669,0.3776952676970608,0.2401344861337653,0.9474708571179575,0.9357256762762526,0.1273849226760481,0.7640128139288702,0.8805204184370454,0.7324108110760189,0.6594992232964139,0.7396962071163804,0.3806207177758879,0.9098492934367423,0.3776952676970608,0.24590556078364112,0.7948311032339999
0.5566420190592317,0.6225794159702842,0.43256871460447605,0.5451466280258678,0.8457323915200106,0.35453676957709607,0.21316944621397735,0.4846960995649126,0.3796043599572704,0.2979249318093935,0.29788211546781695,0.2802872656329351,0.4113469187220238,0.7618347056104642,0.2019191353317801,0.5773212779940559,0.262757939377702,0.44563325903463746,0.48662805885736105,0.36737432024135397,0.42948254037951755,0.5182191206481979,0.4992439605577626,0.18510045353895016,0.27361755302061874,0.7776138523457847,0.1749924898953832,0.49941516583385387,0.3053598842769651,0.44706003829066016,0.6832263332699294,0.370534814648298,0.5165341922661066,0.6770592163974253,0.4992439605577626,0.2098287079786972,0.3215127795910349
0.9175272259336538,0.828787395561558,0.5711386375014761,0.6588927052823027,0.748540761456916,0.9457079058122259,0.1859740125810534,0.9625638835963909,0.8469789344869008,0.9347574213792046,0.5725930432258337,0.5950818455653027,0.9787715526930673,0.9157588638775603,0.4883999672359704,0.2687437785395739,0.2994283066937309,0.7479171226753919,0.5472502760996689,0.7868801378804855,0.6121906550551363,0.6658154635121977,0.6208820776907722,0.740321072547478,0.15012381935708302,0.9375101109595106,0.629120004508985,0.3412051451108194,0.7676712932557569,0.7746699411807081,0.48024300070553005,0.7888793811479756,0.44759893079751145,0.5166905492674992,0.6208820776907722,0.3997550076449008,0.11059084789970935
0.4750804838214431,0.5695543663892031,0.3733540149794413,0.7110836691424732,0.7225214712473457,0.6810222959729985,0.7546517249642561,0.5254764977620359,0.44099791071958905,0.5911944927673607,0.5517424522464036,0.5950818455653027,0.6521903492215747,0.8552607662066394,0.6792554029337323,0.7780328578787548,0.7479226719571823,0.8343942168472548,0.8512483369384072,0.7238581312478437,0.6772876647548496,0.5565103668859573,0.6589757666855047,0.3470297236048864,0.2769579062423255,0.8335939694475246,0.5747254923310662,0.5138588529100953,0.7596531146397091,0.8174863350327388,0.9136515085518021,0.7263022355227136,0.680811807350483,0.5723114099671177,0.6589757666855047,0.385106662136893,0.30922765736310337
0.29227012165649696,0.6651023269969153,0.5956913480532567,0.556619447224458,0.6996692450838019,0.27976517921718314,0.8347049934311336,0.2762715842328532,0.4479695126552025,0.37364427566961605,0.7508928624037455,0.6548457829163014,0.3337543885656681,0.37221407384066807,0.42753000165603183,0.8198584689759251,0.6936221507764044,0.38246098896597774,0.5063978502571657,0.433038389583316,0.6121906550551363,0.6125788416001103,0.33966632407197117,0.4899687320206462,0.49198280080081697,0.37057775669880444,0.5485646403678155,0.8041246713287452,0.6881973934835447,0.43548987679557144,0.4943245750436426,0.43631539541568254,0.567967685612032,0.5905214811708671,0.33966632407197117,0.7127196422451701,0.35045302998762
0.08854937866001603,0.5399733751828453,0.33896972779302575,0.37633204957452976,0.5535270994770989,0.12145887459170109,0.2163176628715833,0.538815217409321,0.3796043599572704,0.30750971826039053,0.707963777001485,0.5576863163097991,0.4678329125364471,0.46305615679288203,0.43146209577333117,0.3375027386604125,0.5348801508841241,0.3000269911883052,0.17175361044016565,0.5182607025948895,0.5251098243349918,0.5182191206481979,0.6208820776907722,0.34524251816911483,0.31361209842771026,0.4755576989559917,0.35738580466974385,0.34481653883901375,0.480230814372458,0.3243769215134212,0.16281413089968497,0.5215148341664694,0.3806207177758879,0.44212370015063096,0.6208820776907722,0.4475071029093435,0.5964617313257649
0.4674540673493433,0.4420659113315101,0.5786104414422508,0.2469812949421389,0.68043780459248,0.6045563966071413,0.5896857458957433,0.5451469004027634,0.4549616270378973,0.23593839552697893,0.3591579696140682,0.5576863163097991,0.4422228669562244,0.5585918041286327,0.34195136275801724,0.5553277100933404,0.14132178474388898,0.4575662820561344,0.45214436613366843,0.6658886742468065,0.8411688236110214,0.5182191206481979,0.45798344569413685,0.7677220905090212,0.48128055595082464,0.44872583965850676,0.4300191000996157,0.2501333291887511,0.4038813632203599,0.5081781990825962,0.5408368317603489,0.6686638747299251,0.7635625829664114,0.5166905492674992,0.45798344569413685,0.41052510019416416,0.5494030372756058
0.7190842615057497,0.41364216537367693,0.39499336405242447,0.7120461368638106,0.4480524570829195,0.581462581138516,0.7150929599279839,0.6007172155998701,0.35339075747844184,0.2931975856817133,0.6875491785798908,0.36948984308943794,0.6364097307668084,0.3771675611417031,0.43875893815056405,0.7737456968736802,0.5271711674929125,0.5891338618280142,0.4791135200989963,0.8089554812761435,0.2614017704793462,0.2386832529422096,0.6951213415070223,0.8453284185766828,0.3005590555796141,0.3299828768450827,0.46660176205657916,0.5787600135580085,0.5128331699355468,0.4771961025580226,0.48245037125807017,0.8107791152769409,0.2886969755399386,0.23051866620880718,0.6951213415070223,0.8279062798713043,0.3069197312521753
0.29610619495999,0.1439395714682358,0.38399068850592805,0.5791191735402618,0.5154659532333827,0.32690021260895646,0.4724982102029616,0.35013125292656594,0.5113072420918819,0.30269585643808844,0.42836274818944947,0.4432622609177839,0.48214313143649656,0.2546077695399367,0.40009457976539614,0.3776965425680348,0.5555810112301021,0.35919091684394344,0.46814864778242243,0.6956491862498051,0.4018206879669294,0.6125788416001103,0.41729130363970085,0.3019969883529226,0.40355502095873463,0.25037804434723315,0.4641608003228959,0.392000005256286,0.3629473314529002,0.32006148288002273,0.5151347831397328,0.6982640377918363,0.23536545177285595,0.5905214811708671,0.41729130363970085,0.3485614635480569,0.43906605501534
0.1857420545975611,0.6512494403008996,0.7861371209667565,0.6207349761535633,0.35713746038228256,0.4770053888954562,0.31237160588079876,0.48273611418623436,0.35339075747844184,0.17677266569356534,0.47629862243565896,0.5576863163097991,0.2871371425483444,0.7181871822001743,0.5523950009829198,0.5783032611736463,0.6352482756217391,0.8846735530665331,0.7042157314272668,0.7099564542041409,0.6454120058765473,0.28317671501089997,0.4992439605577626,0.28686811373329774,0.5992847915986722,0.7476606627570173,0.4200295791036233,0.5622217436521282,0.6797289431762561,0.8858951586211986,0.8593329744320437,0.7124869563742484,0.6500448177294879,0.4237540903634756,0.4992439605577626,0.3277650049500669,0.6379814948017611
0.14866476502963552,0.4036136268907821,0.1482707036802962,0.4583509149763854,0.34691507893470336,0.22280563606022072,0.40649433301447707,0.635925424203086,0.06008518847542662,0.15186949662749688,0.21328500148040194,0.2700998545143135,0.13853109312194314,0.4262385873873656,0.2836117214187717,0.428739563674849,0.4775210041197781,0.06603957591953095,0.09980102831055718,0.36737432024135397,0.21023651107699007,0.2249649869331884,0.20973244443767497,0.12643842214003093,0.6610367123252391,0.3392707520087251,0.26216238107018813,0.4446463541776259,0.39641640587170346,0.05293168765981735,0.10219200983738602,0.370534814648298,0.49925661973712876,0.14135829414740272,0.20973244443767497,0.709598698349765,0.5111401095154504
0.5830964550638615,0.8527484041308162,0.43953538908141265,0.9837044808303934,0.4511456868876614,0.48829757778713373,0.6003465063069624,0.6208068499786924,0.44099791071958905,0.34747824343878575,0.5095645824683945,0.4432622609177839,0.4507322770230586,0.7738714110320807,0.677329437371886,0.5166784969432411,0.7083891280774841,0.4679201380227704,0.5304741979774397,0.5523305392273933,0.6772876647548496,0.773587169745274,0.2384675437836586,0.3103969092321783,0.7001349086085519,0.4833662461594939,0.8275552130472935,0.7307687660458315,0.7122659933879306,0.46316803934190337,0.5420259374712479,0.5555224120960037,0.6956438930931732,0.7666143433553367,0.2384675437836586,0.4074833411299532,0.3939954562953077
0.3597023684358709,0.6346449335678863,0.147200577433862,0.2668689032999108,0.309437845438851,0.4285872585423278,0.7433717302028887,0.47129030600033067,0.29769829894392325,0.27473562667129486,0.32912167329262104,0.40584489620599296,0.3730655832185235,0.3438781919202929,0.20543282353963394,0.5342422408606615,0.5856102958899758,0.4141914648841441,0.7424652932593804,0.6347460293652174,0.5251098243349918,0.31547286857916534,0.20973244443767497,0.7608322520995207,0.584191233142286,0.18183719447673846,0.6745307597386309,0.5412063443799952,0.6674750812547029,0.4201335739605618,0.6681315154194138,0.6376667282936627,0.44759893079751145,0.33591558468494725,0.20973244443767497,0.5993229060149522,0.49306127413520506
